ID,Last Updated Date,Last Updated By,Date Added,Created By,update_status,date_of_next_update
1,12/19/2024,Gerrit Van Zwol,6/20/2024,Gerrit Van Zwol,,
2,12/19/2024,Gerrit Van Zwol,6/3/2024,Gerrit Van Zwol,,
3,1/7/2025,Gerrit Van Zwol,4/15/2024,Gerrit Van Zwol,,
4,12/19/2024,Gerrit Van Zwol,6/21/2024,Gerrit Van Zwol,,
5,1/7/2025,Gerrit Van Zwol,4/15/2024,Gerrit Van Zwol,,
6,12/19/2024,Gerrit Van Zwol,4/23/2024,Gerrit Van Zwol,,
7,1/7/2025,Gerrit Van Zwol,4/15/2024,Gerrit Van Zwol,,
8,1/7/2025,Gerrit Van Zwol,5/9/2024,Gerrit Van Zwol,,
9,12/19/2024,Gerrit Van Zwol,4/18/2024,Gerrit Van Zwol,,
10,1/7/2025,Gerrit Van Zwol,4/15/2024,Gerrit Van Zwol,,
11,12/19/2024,Gerrit Van Zwol,4/23/2024,Gerrit Van Zwol,,
12,12/19/2024,Gerrit Van Zwol,6/25/2024,Gerrit Van Zwol,,
13,1/7/2025,Gerrit Van Zwol,4/15/2024,Gerrit Van Zwol,,
14,12/19/2024,Gerrit Van Zwol,4/23/2024,Gerrit Van Zwol,,
15,12/19/2024,Gerrit Van Zwol,6/13/2024,Gerrit Van Zwol,,
16,12/19/2024,Gerrit Van Zwol,6/21/2024,Gerrit Van Zwol,,
17,12/19/2024,Gerrit Van Zwol,6/24/2024,Gerrit Van Zwol,,
18,12/19/2024,Gerrit Van Zwol,5/9/2024,Gerrit Van Zwol,,
19,12/19/2024,Gerrit Van Zwol,4/23/2024,Gerrit Van Zwol,,
20,12/19/2024,Gerrit Van Zwol,10/17/2024,Gerrit Van Zwol,,
21,1/7/2025,Gerrit Van Zwol,4/15/2024,Gerrit Van Zwol,,
22,12/19/2024,Gerrit Van Zwol,5/15/2024,Gerrit Van Zwol,,
23,1/7/2025,Gerrit Van Zwol,4/15/2024,Gerrit Van Zwol,,
24,1/7/2025,Gerrit Van Zwol,4/15/2024,Gerrit Van Zwol,,
25,12/19/2024,Gerrit Van Zwol,7/11/2024,Gerrit Van Zwol,,
26,12/19/2024,Gerrit Van Zwol,6/21/2024,Gerrit Van Zwol,,
27,1/7/2025,Gerrit Van Zwol,4/15/2024,Gerrit Van Zwol,,
28,1/7/2025,Gerrit Van Zwol,4/15/2024,Gerrit Van Zwol,,
29,12/19/2024,Gerrit Van Zwol,6/4/2024,Gerrit Van Zwol,,
30,12/19/2024,Gerrit Van Zwol,8/23/2024,Gerrit Van Zwol,,
31,12/13/2024,Gerrit Van Zwol,4/15/2024,Gerrit Van Zwol,,
32,12/19/2024,Gerrit Van Zwol,6/4/2024,Gerrit Van Zwol,,
33,1/7/2025,Gerrit Van Zwol,4/15/2024,Gerrit Van Zwol,,
34,12/19/2024,Gerrit Van Zwol,5/14/2024,Gerrit Van Zwol,,
35,12/19/2024,Gerrit Van Zwol,4/16/2024,Gerrit Van Zwol,,
36,12/19/2024,Gerrit Van Zwol,6/20/2024,Gerrit Van Zwol,,
37,12/19/2024,Gerrit Van Zwol,4/23/2024,Gerrit Van Zwol,,
38,12/19/2024,Gerrit Van Zwol,4/24/2024,Gerrit Van Zwol,,
39,4/16/2025,Gerrit Van Zwol,4/16/2025,Gerrit Van Zwol,,
40,12/19/2024,Gerrit Van Zwol,5/15/2024,Gerrit Van Zwol,,
41,12/19/2024,Gerrit Van Zwol,5/7/2024,Gerrit Van Zwol,,
42,1/15/2025,Yaritza Alatriste Morales,8/22/2024,Gerrit Van Zwol,,
43,1/7/2025,Gerrit Van Zwol,4/15/2024,Gerrit Van Zwol,,
44,12/19/2024,Gerrit Van Zwol,6/20/2024,Gerrit Van Zwol,,
45,1/17/2025,Yaritza Alatriste Morales,8/22/2024,Gerrit Van Zwol,,
46,1/7/2025,Gerrit Van Zwol,4/15/2024,Gerrit Van Zwol,,
47,1/17/2025,Yaritza Alatriste Morales,8/22/2024,Gerrit Van Zwol,,
48,12/13/2024,Gerrit Van Zwol,4/15/2024,Gerrit Van Zwol,,
49,12/19/2024,Gerrit Van Zwol,8/5/2024,Gerrit Van Zwol,,
50,1/7/2025,Gerrit Van Zwol,4/15/2024,Gerrit Van Zwol,,
51,12/19/2024,Gerrit Van Zwol,4/23/2024,Gerrit Van Zwol,,
52,12/19/2024,Gerrit Van Zwol,5/7/2024,Gerrit Van Zwol,,
53,1/24/2025,Yaritza Alatriste Morales,10/23/2024,Gerrit Van Zwol,,
54,1/7/2025,Gerrit Van Zwol,4/15/2024,Gerrit Van Zwol,,
55,12/19/2024,Gerrit Van Zwol,5/7/2024,Gerrit Van Zwol,,
56,12/19/2024,Gerrit Van Zwol,6/21/2024,Gerrit Van Zwol,,
57,12/13/2024,Gerrit Van Zwol,4/15/2024,Gerrit Van Zwol,,
58,12/13/2024,Gerrit Van Zwol,4/15/2024,Gerrit Van Zwol,,
59,1/15/2025,Yaritza Alatriste Morales,4/15/2024,Gerrit Van Zwol,,
60,1/7/2025,Gerrit Van Zwol,4/15/2024,Gerrit Van Zwol,,
61,1/7/2025,Gerrit Van Zwol,4/15/2024,Gerrit Van Zwol,,
62,12/19/2024,Gerrit Van Zwol,8/22/2024,Gerrit Van Zwol,,
63,12/19/2024,Gerrit Van Zwol,4/15/2024,Gerrit Van Zwol,,
64,1/7/2025,Gerrit Van Zwol,4/15/2024,Gerrit Van Zwol,,
65,12/19/2024,Gerrit Van Zwol,6/20/2024,Gerrit Van Zwol,,
66,12/13/2024,Gerrit Van Zwol,4/15/2024,Gerrit Van Zwol,,
67,1/7/2025,Gerrit Van Zwol,4/15/2024,Gerrit Van Zwol,,
68,12/19/2024,Gerrit Van Zwol,4/24/2024,Gerrit Van Zwol,,
69,1/7/2025,Gerrit Van Zwol,4/15/2024,Gerrit Van Zwol,,
70,4/16/2025,Gerrit Van Zwol,4/16/2025,Gerrit Van Zwol,,
71,12/13/2024,Gerrit Van Zwol,4/15/2024,Gerrit Van Zwol,,
72,12/19/2024,Gerrit Van Zwol,6/12/2024,Gerrit Van Zwol,,
73,1/7/2025,Gerrit Van Zwol,4/25/2024,Gerrit Van Zwol,,
74,1/7/2025,Gerrit Van Zwol,4/15/2024,Gerrit Van Zwol,,
75,1/15/2025,Yaritza Alatriste Morales,8/22/2024,Gerrit Van Zwol,,
76,1/7/2025,Gerrit Van Zwol,4/15/2024,Gerrit Van Zwol,,
77,12/13/2024,Gerrit Van Zwol,4/15/2024,Gerrit Van Zwol,,
78,12/19/2024,Gerrit Van Zwol,8/20/2024,Gerrit Van Zwol,,
79,12/19/2024,Gerrit Van Zwol,4/16/2024,Gerrit Van Zwol,,
80,12/19/2024,Gerrit Van Zwol,5/1/2024,Gerrit Van Zwol,,
81,12/19/2024,Gerrit Van Zwol,4/18/2024,Gerrit Van Zwol,,
82,1/7/2025,Gerrit Van Zwol,4/15/2024,Gerrit Van Zwol,,
83,4/16/2025,Gerrit Van Zwol,4/16/2025,Gerrit Van Zwol,,
84,12/19/2024,Gerrit Van Zwol,4/16/2024,Gerrit Van Zwol,,
85,1/31/2025,Yaritza Alatriste Morales,7/9/2024,Gerrit Van Zwol,,
86,12/19/2024,Gerrit Van Zwol,4/18/2024,Gerrit Van Zwol,,
87,12/19/2024,Gerrit Van Zwol,4/25/2024,Gerrit Van Zwol,,
88,12/19/2024,Gerrit Van Zwol,4/24/2024,Gerrit Van Zwol,,
89,1/7/2025,Gerrit Van Zwol,4/15/2024,Gerrit Van Zwol,,
90,12/19/2024,Gerrit Van Zwol,6/6/2024,Gerrit Van Zwol,,
91,12/19/2024,Gerrit Van Zwol,4/16/2024,Gerrit Van Zwol,,
92,12/19/2024,Gerrit Van Zwol,4/23/2024,Gerrit Van Zwol,,
93,1/14/2025,Gerrit Van Zwol,4/15/2024,Gerrit Van Zwol,,
94,12/13/2024,Gerrit Van Zwol,4/25/2024,Gerrit Van Zwol,,
95,12/19/2024,Gerrit Van Zwol,4/16/2024,Gerrit Van Zwol,,
96,1/17/2025,Yaritza Alatriste Morales,8/5/2024,Gerrit Van Zwol,,
97,12/19/2024,Gerrit Van Zwol,4/19/2024,Gerrit Van Zwol,,
98,12/19/2024,Gerrit Van Zwol,7/8/2024,Gerrit Van Zwol,,
99,12/13/2024,Gerrit Van Zwol,12/13/2024,Gerrit Van Zwol,,
100,12/19/2024,Gerrit Van Zwol,6/4/2024,Gerrit Van Zwol,,
101,1/7/2025,Gerrit Van Zwol,4/15/2024,Gerrit Van Zwol,,
102,12/19/2024,Gerrit Van Zwol,4/18/2024,Anonymous,,
103,12/19/2024,Gerrit Van Zwol,6/3/2024,Gerrit Van Zwol,,
104,1/7/2025,Gerrit Van Zwol,4/15/2024,Gerrit Van Zwol,,
105,12/19/2024,Gerrit Van Zwol,5/7/2024,Gerrit Van Zwol,,
106,12/19/2024,Gerrit Van Zwol,7/11/2024,Gerrit Van Zwol,,
107,1/7/2025,Gerrit Van Zwol,4/15/2024,Gerrit Van Zwol,,
108,12/19/2024,Gerrit Van Zwol,6/21/2024,Gerrit Van Zwol,,
109,2/4/2025,Gerrit Van Zwol,4/15/2024,Gerrit Van Zwol,,
110,1/7/2025,Gerrit Van Zwol,4/15/2024,Gerrit Van Zwol,,
111,12/19/2024,Gerrit Van Zwol,4/15/2024,Gerrit Van Zwol,,
112,3/17/2025 4:04pm,Gerrit Van Zwol,6/20/2024,Gerrit Van Zwol,Up to Date,6/15/2025 11:04pm
113,1/7/2025 5:40pm,Gerrit Van Zwol,6/3/2024,Gerrit Van Zwol,Needs Update,4/8/2025 1:40am
114,1/7/2025 5:41pm,Gerrit Van Zwol,6/3/2024,Gerrit Van Zwol,Needs Update,4/8/2025 1:41am
115,1/7/2025 5:41pm,Gerrit Van Zwol,6/3/2024,Gerrit Van Zwol,Needs Update,4/8/2025 1:41am
116,1/7/2025 5:41pm,Gerrit Van Zwol,6/3/2024,Gerrit Van Zwol,Needs Update,4/8/2025 1:41am
117,1/7/2025 5:41pm,Gerrit Van Zwol,6/3/2024,Gerrit Van Zwol,Needs Update,4/8/2025 1:41am
118,1/7/2025 5:41pm,Gerrit Van Zwol,6/3/2024,Gerrit Van Zwol,Needs Update,4/8/2025 1:41am
119,1/7/2025 5:41pm,Gerrit Van Zwol,6/3/2024,Gerrit Van Zwol,Needs Update,4/8/2025 1:41am
120,1/7/2025 5:41pm,Gerrit Van Zwol,4/15/2024,Gerrit Van Zwol,Needs Update,4/8/2025 1:41am
121,1/7/2025 5:41pm,Gerrit Van Zwol,6/21/2024,Gerrit Van Zwol,Needs Update,4/8/2025 1:41am
122,1/7/2025 5:42pm,Gerrit Van Zwol,4/15/2024,Gerrit Van Zwol,Needs Update,4/8/2025 1:42am
123,2/4/2025 11:38am,Gerrit Van Zwol,4/15/2024,Gerrit Van Zwol,Up to Date,5/5/2025 7:38pm
124,1/7/2025 5:42pm,Gerrit Van Zwol,4/15/2024,Gerrit Van Zwol,Needs Update,4/8/2025 1:42am
125,2/4/2025 11:17am,Gerrit Van Zwol,1/7/2025,Gerrit Van Zwol,Up to Date,5/5/2025 7:17pm
126,1/7/2025 5:42pm,Gerrit Van Zwol,4/15/2024,Gerrit Van Zwol,Needs Update,4/8/2025 1:42am
127,1/7/2025 5:42pm,Gerrit Van Zwol,4/15/2024,Gerrit Van Zwol,Needs Update,4/8/2025 1:42am
128,1/7/2025 5:42pm,Gerrit Van Zwol,4/23/2024,Gerrit Van Zwol,Needs Update,4/8/2025 1:42am
129,1/7/2025 5:43pm,Gerrit Van Zwol,4/15/2024,Gerrit Van Zwol,Needs Update,4/8/2025 1:43am
130,1/7/2025 5:44pm,Gerrit Van Zwol,4/15/2024,Gerrit Van Zwol,Needs Update,4/8/2025 1:44am
131,1/7/2025 5:44pm,Gerrit Van Zwol,4/15/2024,Gerrit Van Zwol,Needs Update,4/8/2025 1:44am
132,2/4/2025 11:38am,Gerrit Van Zwol,4/15/2024,Gerrit Van Zwol,Up to Date,5/5/2025 7:38pm
133,1/7/2025 5:44pm,Gerrit Van Zwol,4/15/2024,Gerrit Van Zwol,Needs Update,4/8/2025 1:44am
134,1/7/2025 5:44pm,Gerrit Van Zwol,5/9/2024,Gerrit Van Zwol,Needs Update,4/8/2025 1:44am
135,1/7/2025 5:44pm,Gerrit Van Zwol,4/18/2024,Gerrit Van Zwol,Needs Update,4/8/2025 1:44am
136,2/3/2025 11:15am,Gerrit Van Zwol,4/18/2024,Gerrit Van Zwol,Up to Date,5/4/2025 7:15pm
137,1/7/2025 5:44pm,Gerrit Van Zwol,4/15/2024,Gerrit Van Zwol,Needs Update,4/8/2025 1:44am
138,1/7/2025 5:45pm,Gerrit Van Zwol,4/23/2024,Gerrit Van Zwol,Needs Update,4/8/2025 1:45am
139,2/3/2025 11:17am,Gerrit Van Zwol,4/23/2024,Gerrit Van Zwol,Up to Date,5/4/2025 7:17pm
140,1/7/2025 5:45pm,Gerrit Van Zwol,4/23/2024,Gerrit Van Zwol,Needs Update,4/8/2025 1:45am
141,1/7/2025 5:45pm,Gerrit Van Zwol,4/23/2024,Gerrit Van Zwol,Needs Update,4/8/2025 1:45am
142,1/7/2025 5:45pm,Gerrit Van Zwol,4/23/2024,Gerrit Van Zwol,Needs Update,4/8/2025 1:45am
143,1/7/2025 5:45pm,Gerrit Van Zwol,4/23/2024,Gerrit Van Zwol,Needs Update,4/8/2025 1:45am
144,1/7/2025 5:45pm,Gerrit Van Zwol,4/23/2024,Gerrit Van Zwol,Needs Update,4/8/2025 1:45am
145,1/7/2025 5:45pm,Gerrit Van Zwol,4/23/2024,Gerrit Van Zwol,Needs Update,4/8/2025 1:45am
146,1/7/2025 5:37pm,Gerrit Van Zwol,6/25/2024,Gerrit Van Zwol,Needs Update,4/8/2025 1:37am
147,1/7/2025 5:37pm,Gerrit Van Zwol,4/15/2024,Gerrit Van Zwol,Needs Update,4/8/2025 1:37am
148,1/7/2025 5:37pm,Gerrit Van Zwol,4/15/2024,Gerrit Van Zwol,Needs Update,4/8/2025 1:37am
149,1/7/2025 5:37pm,Gerrit Van Zwol,4/15/2024,Gerrit Van Zwol,Needs Update,4/8/2025 1:37am
150,1/7/2025 5:37pm,Gerrit Van Zwol,4/15/2024,Gerrit Van Zwol,Needs Update,4/8/2025 1:37am
151,1/7/2025 5:37pm,Gerrit Van Zwol,4/24/2024,Gerrit Van Zwol,Needs Update,4/8/2025 1:37am
152,2/4/2025 11:40am,Gerrit Van Zwol,4/24/2024,Gerrit Van Zwol,Up to Date,5/5/2025 7:40pm
153,1/7/2025 5:37pm,Gerrit Van Zwol,4/24/2024,Gerrit Van Zwol,Needs Update,4/8/2025 1:37am
154,2/4/2025 11:38am,Gerrit Van Zwol,4/24/2024,Gerrit Van Zwol,Up to Date,5/5/2025 7:38pm
155,1/7/2025 5:38pm,Gerrit Van Zwol,4/24/2024,Gerrit Van Zwol,Needs Update,4/8/2025 1:38am
156,1/7/2025 5:38pm,Gerrit Van Zwol,4/24/2024,Gerrit Van Zwol,Needs Update,4/8/2025 1:38am
157,1/7/2025 5:48pm,Gerrit Van Zwol,6/13/2024,Gerrit Van Zwol,Needs Update,4/8/2025 1:48am
158,1/7/2025 5:48pm,Gerrit Van Zwol,6/21/2024,Gerrit Van Zwol,Needs Update,4/8/2025 1:48am
159,1/7/2025 5:48pm,Gerrit Van Zwol,6/24/2024,Gerrit Van Zwol,Needs Update,4/8/2025 1:48am
160,1/7/2025 5:48pm,Gerrit Van Zwol,6/4/2024,Gerrit Van Zwol,Needs Update,4/8/2025 1:48am
161,1/7/2025 5:48pm,Gerrit Van Zwol,4/23/2024,Gerrit Van Zwol,Needs Update,4/8/2025 1:48am
162,1/7/2025 5:48pm,Gerrit Van Zwol,4/23/2024,Gerrit Van Zwol,Needs Update,4/8/2025 1:48am
163,1/7/2025 5:48pm,Gerrit Van Zwol,4/23/2024,Gerrit Van Zwol,Needs Update,4/8/2025 1:48am
164,1/7/2025 5:48pm,Gerrit Van Zwol,4/23/2024,Gerrit Van Zwol,Needs Update,4/8/2025 1:48am
165,1/7/2025 5:48pm,Gerrit Van Zwol,4/23/2024,Gerrit Van Zwol,Needs Update,4/8/2025 1:48am
166,1/7/2025 5:48pm,Gerrit Van Zwol,4/15/2024,Gerrit Van Zwol,Needs Update,4/8/2025 1:48am
167,1/7/2025 5:48pm,Gerrit Van Zwol,5/15/2024,Gerrit Van Zwol,Needs Update,4/8/2025 1:48am
168,2/4/2025 11:22am,Gerrit Van Zwol,1/7/2025,Gerrit Van Zwol,Up to Date,5/5/2025 7:22pm
169,2/4/2025 11:26am,Gerrit Van Zwol,1/7/2025,Gerrit Van Zwol,Up to Date,5/5/2025 7:26pm
170,2/4/2025 11:38am,Gerrit Van Zwol,1/7/2025,Gerrit Van Zwol,Up to Date,5/5/2025 7:38pm
171,2/4/2025 11:26am,Gerrit Van Zwol,1/7/2025,Gerrit Van Zwol,Up to Date,5/5/2025 7:26pm
172,1/7/2025 5:40pm,Gerrit Van Zwol,1/7/2025,Gerrit Van Zwol,Needs Update,4/8/2025 1:40am
173,1/7/2025 5:53pm,Gerrit Van Zwol,4/15/2024,Gerrit Van Zwol,Needs Update,4/8/2025 1:53am
174,1/7/2025 5:53pm,Gerrit Van Zwol,4/15/2024,Gerrit Van Zwol,Needs Update,4/8/2025 1:53am
175,1/7/2025 5:53pm,Gerrit Van Zwol,6/24/2024,Gerrit Van Zwol,Needs Update,4/8/2025 1:53am
176,1/7/2025 5:53pm,Gerrit Van Zwol,4/15/2024,Gerrit Van Zwol,Needs Update,4/8/2025 1:53am
177,1/7/2025 5:53pm,Gerrit Van Zwol,4/15/2024,Gerrit Van Zwol,Needs Update,4/8/2025 1:53am
178,1/7/2025 5:53pm,Gerrit Van Zwol,4/15/2024,Gerrit Van Zwol,Needs Update,4/8/2025 1:53am
179,1/7/2025 5:53pm,Gerrit Van Zwol,4/15/2024,Gerrit Van Zwol,Needs Update,4/8/2025 1:53am
180,1/7/2025 5:53pm,Gerrit Van Zwol,4/15/2024,Gerrit Van Zwol,Needs Update,4/8/2025 1:53am
181,2/4/2025 11:34am,Gerrit Van Zwol,4/15/2024,Gerrit Van Zwol,Up to Date,5/5/2025 7:34pm
182,1/7/2025 5:53pm,Gerrit Van Zwol,4/15/2024,Gerrit Van Zwol,Needs Update,4/8/2025 1:53am
183,1/7/2025 5:53pm,Gerrit Van Zwol,4/15/2024,Gerrit Van Zwol,Needs Update,4/8/2025 1:53am
184,1/7/2025 5:53pm,Gerrit Van Zwol,4/15/2024,Gerrit Van Zwol,Needs Update,4/8/2025 1:53am
185,2/4/2025 11:17am,Gerrit Van Zwol,1/7/2025,Gerrit Van Zwol,Up to Date,5/5/2025 7:17pm
186,1/7/2025 5:55pm,Gerrit Van Zwol,6/4/2024,Gerrit Van Zwol,Needs Update,4/8/2025 1:55am
187,1/7/2025 5:55pm,Gerrit Van Zwol,6/4/2024,Gerrit Van Zwol,Needs Update,4/8/2025 1:55am
188,1/7/2025 5:55pm,Gerrit Van Zwol,6/4/2024,Gerrit Van Zwol,Needs Update,4/8/2025 1:55am
189,1/7/2025 5:55pm,Gerrit Van Zwol,6/4/2024,Gerrit Van Zwol,Needs Update,4/8/2025 1:55am
190,1/7/2025 5:55pm,Gerrit Van Zwol,6/4/2024,Gerrit Van Zwol,Needs Update,4/8/2025 1:55am
191,1/7/2025 5:55pm,Gerrit Van Zwol,6/4/2024,Gerrit Van Zwol,Needs Update,4/8/2025 1:55am
192,1/7/2025 5:55pm,Gerrit Van Zwol,6/4/2024,Gerrit Van Zwol,Needs Update,4/8/2025 1:55am
193,1/15/2025 4:04pm,Yaritza Alatriste Morales,8/23/2024,Gerrit Van Zwol,Needs Update,4/16/2025 12:04am
194,2/4/2025 11:43am,Gerrit Van Zwol,4/15/2024,Gerrit Van Zwol,Up to Date,5/5/2025 7:43pm
195,1/7/2025 5:56pm,Gerrit Van Zwol,6/4/2024,Gerrit Van Zwol,Needs Update,4/8/2025 1:56am
196,1/7/2025 5:56pm,Gerrit Van Zwol,6/4/2024,Gerrit Van Zwol,Needs Update,4/8/2025 1:56am
197,1/7/2025 5:56pm,Gerrit Van Zwol,6/4/2024,Gerrit Van Zwol,Needs Update,4/8/2025 1:56am
198,1/7/2025 5:56pm,Gerrit Van Zwol,4/15/2024,Gerrit Van Zwol,Needs Update,4/8/2025 1:56am
199,1/7/2025 5:56pm,Gerrit Van Zwol,4/15/2024,Gerrit Van Zwol,Needs Update,4/8/2025 1:56am
200,2/4/2025 11:43am,Gerrit Van Zwol,5/14/2024,Gerrit Van Zwol,Up to Date,5/5/2025 7:43pm
201,1/7/2025 5:59pm,Gerrit Van Zwol,5/14/2024,Gerrit Van Zwol,Needs Update,4/8/2025 1:59am
202,1/7/2025 6:00pm,Gerrit Van Zwol,4/16/2024,Gerrit Van Zwol,Needs Update,4/8/2025 2:00am
203,1/7/2025 6:00pm,Gerrit Van Zwol,4/16/2024,Gerrit Van Zwol,Needs Update,4/8/2025 2:00am
204,1/7/2025 6:00pm,Gerrit Van Zwol,4/16/2024,Gerrit Van Zwol,Needs Update,4/8/2025 2:00am
205,1/7/2025 6:00pm,Gerrit Van Zwol,4/16/2024,Gerrit Van Zwol,Needs Update,4/8/2025 2:00am
206,1/7/2025 6:00pm,Gerrit Van Zwol,4/16/2024,Gerrit Van Zwol,Needs Update,4/8/2025 2:00am
207,1/7/2025 6:00pm,Gerrit Van Zwol,4/16/2024,Gerrit Van Zwol,Needs Update,4/8/2025 2:00am
208,1/7/2025 6:01pm,Gerrit Van Zwol,6/20/2024,Gerrit Van Zwol,Needs Update,4/8/2025 2:01am
209,1/7/2025 6:01pm,Gerrit Van Zwol,6/20/2024,Gerrit Van Zwol,Needs Update,4/8/2025 2:01am
210,1/7/2025 6:01pm,Gerrit Van Zwol,4/23/2024,Gerrit Van Zwol,Needs Update,4/8/2025 2:01am
211,1/7/2025 6:01pm,Gerrit Van Zwol,4/23/2024,Gerrit Van Zwol,Needs Update,4/8/2025 2:01am
212,1/7/2025 6:01pm,Gerrit Van Zwol,4/23/2024,Gerrit Van Zwol,Needs Update,4/8/2025 2:01am
213,1/7/2025 6:02pm,Gerrit Van Zwol,4/24/2024,Gerrit Van Zwol,Needs Update,4/8/2025 2:02am
214,1/7/2025 6:02pm,Gerrit Van Zwol,4/24/2024,Gerrit Van Zwol,Needs Update,4/8/2025 2:02am
215,2/4/2025 11:39am,Gerrit Van Zwol,4/24/2024,Gerrit Van Zwol,Up to Date,5/5/2025 7:39pm
216,1/7/2025 6:02pm,Gerrit Van Zwol,4/24/2024,Gerrit Van Zwol,Needs Update,4/8/2025 2:02am
217,1/7/2025 6:02pm,Gerrit Van Zwol,4/24/2024,Gerrit Van Zwol,Needs Update,4/8/2025 2:02am
218,1/7/2025 6:05pm,Gerrit Van Zwol,6/4/2024,Gerrit Van Zwol,Needs Update,4/8/2025 2:05am
219,1/7/2025 6:05pm,Gerrit Van Zwol,5/15/2024,Gerrit Van Zwol,Needs Update,4/8/2025 2:05am
220,1/7/2025 6:05pm,Gerrit Van Zwol,6/4/2024,Gerrit Van Zwol,Needs Update,4/8/2025 2:05am
221,1/7/2025 6:05pm,Gerrit Van Zwol,6/4/2024,Gerrit Van Zwol,Needs Update,4/8/2025 2:05am
222,1/7/2025 6:05pm,Gerrit Van Zwol,5/15/2024,Gerrit Van Zwol,Needs Update,4/8/2025 2:05am
223,1/7/2025 6:05pm,Gerrit Van Zwol,6/4/2024,Gerrit Van Zwol,Needs Update,4/8/2025 2:05am
224,1/7/2025 6:05pm,Gerrit Van Zwol,6/4/2024,Gerrit Van Zwol,Needs Update,4/8/2025 2:05am
225,1/7/2025 6:05pm,Gerrit Van Zwol,5/15/2024,Gerrit Van Zwol,Needs Update,4/8/2025 2:05am
226,1/7/2025 5:13pm,Gerrit Van Zwol,5/7/2024,Gerrit Van Zwol,Needs Update,4/8/2025 1:13am
227,1/7/2025 5:13pm,Gerrit Van Zwol,5/7/2024,Gerrit Van Zwol,Needs Update,4/8/2025 1:13am
228,2/4/2025 11:40am,Gerrit Van Zwol,4/15/2024,Gerrit Van Zwol,Up to Date,5/5/2025 7:40pm
229,1/7/2025 5:13pm,Gerrit Van Zwol,6/20/2024,Gerrit Van Zwol,Needs Update,4/8/2025 1:13am
230,1/7/2025 5:13pm,Gerrit Van Zwol,4/15/2024,Gerrit Van Zwol,Needs Update,4/8/2025 1:13am
231,1/7/2025 5:13pm,Gerrit Van Zwol,4/15/2024,Gerrit Van Zwol,Needs Update,4/8/2025 1:13am
232,2/3/2025 11:08am,Gerrit Van Zwol,8/22/2024,Gerrit Van Zwol,Up to Date,5/4/2025 7:08pm
233,1/7/2025 5:13pm,Gerrit Van Zwol,4/15/2024,Gerrit Van Zwol,Needs Update,4/8/2025 1:13am
234,1/7/2025 5:13pm,Gerrit Van Zwol,4/15/2024,Gerrit Van Zwol,Needs Update,4/8/2025 1:13am
235,1/7/2025 5:13pm,Gerrit Van Zwol,4/15/2024,Gerrit Van Zwol,Needs Update,4/8/2025 1:13am
236,1/7/2025 5:13pm,Gerrit Van Zwol,4/15/2024,Gerrit Van Zwol,Needs Update,4/8/2025 1:13am
237,1/7/2025 5:13pm,Gerrit Van Zwol,4/15/2024,Gerrit Van Zwol,Needs Update,4/8/2025 1:13am
238,1/7/2025 5:13pm,Gerrit Van Zwol,4/15/2024,Gerrit Van Zwol,Needs Update,4/8/2025 1:13am
239,1/7/2025 5:13pm,Gerrit Van Zwol,4/15/2024,Gerrit Van Zwol,Needs Update,4/8/2025 1:13am
240,2/3/2025 11:08am,Gerrit Van Zwol,8/5/2024,Gerrit Van Zwol,Up to Date,5/4/2025 7:08pm
241,2/4/2025 11:37am,Gerrit Van Zwol,4/15/2024,Gerrit Van Zwol,Up to Date,5/5/2025 7:37pm
242,1/7/2025 5:13pm,Gerrit Van Zwol,4/23/2024,Gerrit Van Zwol,Needs Update,4/8/2025 1:13am
243,2/4/2025 11:16am,Gerrit Van Zwol,1/24/2025,Yaritza Alatriste Morales,Up to Date,5/5/2025 7:16pm
244,2/4/2025 11:16am,Gerrit Van Zwol,1/24/2025,Yaritza Alatriste Morales,Up to Date,5/5/2025 7:16pm
245,2/4/2025 11:16am,Gerrit Van Zwol,1/24/2025,Yaritza Alatriste Morales,Up to Date,5/5/2025 7:16pm
246,2/4/2025 11:16am,Gerrit Van Zwol,1/24/2025,Yaritza Alatriste Morales,Up to Date,5/5/2025 7:16pm
247,2/13/2025 12:04pm,Gerrit Van Zwol,4/15/2024,Gerrit Van Zwol,Up to Date,5/14/2025 8:04pm
248,1/7/2025 5:13pm,Gerrit Van Zwol,4/15/2024,Gerrit Van Zwol,Needs Update,4/8/2025 1:13am
249,1/7/2025 5:13pm,Gerrit Van Zwol,4/15/2024,Gerrit Van Zwol,Needs Update,4/8/2025 1:13am
250,2/4/2025 11:41am,Gerrit Van Zwol,5/7/2024,Gerrit Van Zwol,Up to Date,5/5/2025 7:41pm
251,1/7/2025 5:13pm,Gerrit Van Zwol,5/7/2024,Gerrit Van Zwol,Needs Update,4/8/2025 1:13am
252,1/7/2025 5:13pm,Gerrit Van Zwol,6/21/2024,Gerrit Van Zwol,Needs Update,4/8/2025 1:13am
253,1/7/2025 5:13pm,Gerrit Van Zwol,4/15/2024,Gerrit Van Zwol,Needs Update,4/8/2025 1:13am
254,1/7/2025 5:13pm,Gerrit Van Zwol,4/15/2024,Gerrit Van Zwol,Needs Update,4/8/2025 1:13am
255,2/4/2025 11:42am,Gerrit Van Zwol,4/15/2024,Gerrit Van Zwol,Up to Date,5/5/2025 7:42pm
256,2/3/2025 11:08am,Gerrit Van Zwol,4/15/2024,Gerrit Van Zwol,Up to Date,5/4/2025 7:08pm
257,2/3/2025 11:08am,Gerrit Van Zwol,4/15/2024,Gerrit Van Zwol,Up to Date,5/4/2025 7:08pm
258,2/4/2025 11:03am,Gerrit Van Zwol,4/15/2024,Gerrit Van Zwol,Up to Date,5/5/2025 7:03pm
259,2/4/2025 11:03am,Gerrit Van Zwol,4/15/2024,Gerrit Van Zwol,Up to Date,5/5/2025 7:03pm
260,2/3/2025 11:08am,Gerrit Van Zwol,4/15/2024,Gerrit Van Zwol,Up to Date,5/4/2025 7:08pm
261,2/4/2025 11:04am,Gerrit Van Zwol,4/15/2024,Gerrit Van Zwol,Up to Date,5/5/2025 7:04pm
262,2/4/2025 11:21am,Gerrit Van Zwol,4/15/2024,Gerrit Van Zwol,Up to Date,5/5/2025 7:21pm
263,1/7/2025 5:13pm,Gerrit Van Zwol,4/15/2024,Gerrit Van Zwol,Needs Update,4/8/2025 1:13am
264,1/7/2025 5:13pm,Gerrit Van Zwol,4/15/2024,Gerrit Van Zwol,Needs Update,4/8/2025 1:13am
265,2/4/2025 11:21am,Gerrit Van Zwol,4/15/2024,Gerrit Van Zwol,Up to Date,5/5/2025 7:21pm
266,2/4/2025 11:21am,Gerrit Van Zwol,4/15/2024,Gerrit Van Zwol,Up to Date,5/5/2025 7:21pm
267,1/7/2025 5:13pm,Gerrit Van Zwol,8/22/2024,Gerrit Van Zwol,Needs Update,4/8/2025 1:13am
268,2/4/2025 11:39am,Gerrit Van Zwol,8/22/2024,Gerrit Van Zwol,Up to Date,5/5/2025 7:39pm
269,1/7/2025 5:13pm,Gerrit Van Zwol,8/22/2024,Gerrit Van Zwol,Needs Update,4/8/2025 1:13am
270,2/4/2025 11:40am,Gerrit Van Zwol,8/22/2024,Gerrit Van Zwol,Up to Date,5/5/2025 7:40pm
271,2/4/2025 11:35am,Gerrit Van Zwol,8/22/2024,Gerrit Van Zwol,Up to Date,5/5/2025 7:35pm
272,1/7/2025 5:13pm,Gerrit Van Zwol,4/15/2024,Gerrit Van Zwol,Needs Update,4/8/2025 1:13am
273,1/7/2025 5:13pm,Gerrit Van Zwol,4/15/2024,Gerrit Van Zwol,Needs Update,4/8/2025 1:13am
274,2/4/2025 11:38am,Gerrit Van Zwol,4/15/2024,Gerrit Van Zwol,Up to Date,5/5/2025 7:38pm
275,2/4/2025 11:21am,Gerrit Van Zwol,6/20/2024,Gerrit Van Zwol,Up to Date,5/5/2025 7:21pm
276,2/4/2025 11:21am,Gerrit Van Zwol,6/20/2024,Gerrit Van Zwol,Up to Date,5/5/2025 7:21pm
277,1/7/2025 5:13pm,Gerrit Van Zwol,6/20/2024,Gerrit Van Zwol,Needs Update,4/8/2025 1:13am
278,1/7/2025 5:13pm,Gerrit Van Zwol,6/20/2024,Gerrit Van Zwol,Needs Update,4/8/2025 1:13am
279,2/4/2025 11:42am,Gerrit Van Zwol,4/15/2024,Gerrit Van Zwol,Up to Date,5/5/2025 7:42pm
280,1/7/2025 5:13pm,Gerrit Van Zwol,7/11/2024,Gerrit Van Zwol,Needs Update,4/8/2025 1:13am
281,2/4/2025 11:21am,Gerrit Van Zwol,7/11/2024,Gerrit Van Zwol,Up to Date,5/5/2025 7:21pm
282,1/7/2025 5:13pm,Gerrit Van Zwol,4/15/2024,Gerrit Van Zwol,Needs Update,4/8/2025 1:13am
283,2/4/2025 11:08am,Gerrit Van Zwol,4/15/2024,Gerrit Van Zwol,Up to Date,5/5/2025 7:08pm
284,1/7/2025 5:13pm,Gerrit Van Zwol,4/15/2024,Gerrit Van Zwol,Needs Update,4/8/2025 1:13am
285,1/7/2025 5:13pm,Gerrit Van Zwol,6/13/2024,Gerrit Van Zwol,Needs Update,4/8/2025 1:13am
286,1/7/2025 5:13pm,Gerrit Van Zwol,4/24/2024,Gerrit Van Zwol,Needs Update,4/8/2025 1:13am
287,1/7/2025 5:13pm,Gerrit Van Zwol,4/24/2024,Gerrit Van Zwol,Needs Update,4/8/2025 1:13am
288,2/3/2025 11:08am,Gerrit Van Zwol,4/15/2024,Gerrit Van Zwol,Up to Date,5/4/2025 7:08pm
289,2/4/2025 11:08am,Gerrit Van Zwol,4/15/2024,Gerrit Van Zwol,Up to Date,5/5/2025 7:08pm
290,2/4/2025 11:08am,Gerrit Van Zwol,4/15/2024,Gerrit Van Zwol,Up to Date,5/5/2025 7:08pm
291,1/7/2025 5:13pm,Gerrit Van Zwol,4/15/2024,Gerrit Van Zwol,Needs Update,4/8/2025 1:13am
292,1/7/2025 5:13pm,Gerrit Van Zwol,6/12/2024,Gerrit Van Zwol,Needs Update,4/8/2025 1:13am
293,2/4/2025 11:08am,Gerrit Van Zwol,4/15/2024,Gerrit Van Zwol,Up to Date,5/5/2025 7:08pm
294,2/4/2025 11:19am,Gerrit Van Zwol,8/22/2024,Gerrit Van Zwol,Up to Date,5/5/2025 7:19pm
295,2/3/2025 11:08am,Gerrit Van Zwol,8/22/2024,Gerrit Van Zwol,Up to Date,5/4/2025 7:08pm
296,1/7/2025 5:13pm,Gerrit Van Zwol,4/15/2024,Gerrit Van Zwol,Needs Update,4/8/2025 1:13am
297,1/7/2025 5:13pm,Gerrit Van Zwol,4/15/2024,Gerrit Van Zwol,Needs Update,4/8/2025 1:13am
298,2/3/2025 11:08am,Gerrit Van Zwol,8/20/2024,Gerrit Van Zwol,Up to Date,5/4/2025 7:08pm
299,1/7/2025 5:13pm,Gerrit Van Zwol,4/16/2024,Gerrit Van Zwol,Needs Update,4/8/2025 1:13am
300,1/7/2025 5:13pm,Gerrit Van Zwol,4/16/2024,Gerrit Van Zwol,Needs Update,4/8/2025 1:13am
301,1/7/2025 5:13pm,Gerrit Van Zwol,5/1/2024,Gerrit Van Zwol,Needs Update,4/8/2025 1:13am
302,1/7/2025 5:13pm,Gerrit Van Zwol,4/18/2024,Gerrit Van Zwol,Needs Update,4/8/2025 1:13am
303,1/7/2025 5:13pm,Gerrit Van Zwol,4/18/2024,Gerrit Van Zwol,Needs Update,4/8/2025 1:13am
304,1/7/2025 5:13pm,Gerrit Van Zwol,4/18/2024,Gerrit Van Zwol,Needs Update,4/8/2025 1:13am
305,1/7/2025 5:13pm,Gerrit Van Zwol,4/15/2024,Gerrit Van Zwol,Needs Update,4/8/2025 1:13am
306,2/4/2025 11:09am,Gerrit Van Zwol,4/15/2024,Gerrit Van Zwol,Up to Date,5/5/2025 7:09pm
307,1/7/2025 5:13pm,Gerrit Van Zwol,4/18/2024,Gerrit Van Zwol,Needs Update,4/8/2025 1:13am
308,2/3/2025 11:08am,Gerrit Van Zwol,7/9/2024,Gerrit Van Zwol,Up to Date,5/4/2025 7:08pm
309,1/7/2025 5:13pm,Gerrit Van Zwol,4/25/2024,Gerrit Van Zwol,Needs Update,4/8/2025 1:13am
310,1/7/2025 5:13pm,Gerrit Van Zwol,4/24/2024,Gerrit Van Zwol,Needs Update,4/8/2025 1:13am
311,1/7/2025 5:13pm,Gerrit Van Zwol,4/24/2024,Gerrit Van Zwol,Needs Update,4/8/2025 1:13am
312,1/7/2025 5:13pm,Gerrit Van Zwol,4/24/2024,Gerrit Van Zwol,Needs Update,4/8/2025 1:13am
313,1/7/2025 5:13pm,Gerrit Van Zwol,4/15/2024,Gerrit Van Zwol,Needs Update,4/8/2025 1:13am
314,1/7/2025 5:13pm,Gerrit Van Zwol,4/15/2024,Gerrit Van Zwol,Needs Update,4/8/2025 1:13am
315,1/7/2025 5:13pm,Gerrit Van Zwol,6/18/2024,Gerrit Van Zwol,Needs Update,4/8/2025 1:13am
316,1/7/2025 5:13pm,Gerrit Van Zwol,6/6/2024,Gerrit Van Zwol,Needs Update,4/8/2025 1:13am
317,1/7/2025 5:13pm,Gerrit Van Zwol,6/6/2024,Gerrit Van Zwol,Needs Update,4/8/2025 1:13am
318,1/7/2025 5:13pm,Gerrit Van Zwol,6/18/2024,Gerrit Van Zwol,Needs Update,4/8/2025 1:13am
319,1/7/2025 5:13pm,Gerrit Van Zwol,4/16/2024,Gerrit Van Zwol,Needs Update,4/8/2025 1:13am
320,1/7/2025 5:13pm,Gerrit Van Zwol,4/16/2024,Gerrit Van Zwol,Needs Update,4/8/2025 1:13am
321,1/7/2025 5:13pm,Gerrit Van Zwol,4/16/2024,Gerrit Van Zwol,Needs Update,4/8/2025 1:13am
322,1/7/2025 5:13pm,Gerrit Van Zwol,4/16/2024,Gerrit Van Zwol,Needs Update,4/8/2025 1:13am
323,1/7/2025 5:13pm,Gerrit Van Zwol,4/23/2024,Gerrit Van Zwol,Needs Update,4/8/2025 1:13am
324,1/7/2025 5:13pm,Gerrit Van Zwol,4/15/2024,Gerrit Van Zwol,Needs Update,4/8/2025 1:13am
325,2/4/2025 11:26am,Gerrit Van Zwol,4/15/2024,Gerrit Van Zwol,Up to Date,5/5/2025 7:26pm
326,1/7/2025 5:13pm,Gerrit Van Zwol,4/15/2024,Gerrit Van Zwol,Needs Update,4/8/2025 1:13am
327,1/7/2025 5:13pm,Gerrit Van Zwol,4/15/2024,Gerrit Van Zwol,Needs Update,4/8/2025 1:13am
328,1/7/2025 5:13pm,Gerrit Van Zwol,4/15/2024,Gerrit Van Zwol,Needs Update,4/8/2025 1:13am
329,1/7/2025 5:13pm,Gerrit Van Zwol,4/25/2024,Gerrit Van Zwol,Needs Update,4/8/2025 1:13am
330,2/4/2025 11:40am,Gerrit Van Zwol,4/16/2024,Gerrit Van Zwol,Up to Date,5/5/2025 7:40pm
331,2/4/2025 11:39am,Gerrit Van Zwol,4/16/2024,Gerrit Van Zwol,Up to Date,5/5/2025 7:39pm
332,2/4/2025 11:40am,Gerrit Van Zwol,4/16/2024,Gerrit Van Zwol,Up to Date,5/5/2025 7:40pm
333,2/3/2025 11:08am,Gerrit Van Zwol,8/5/2024,Gerrit Van Zwol,Up to Date,5/4/2025 7:08pm
334,1/7/2025 5:13pm,Gerrit Van Zwol,8/5/2024,Gerrit Van Zwol,Needs Update,4/8/2025 1:13am
335,2/3/2025 11:08am,Gerrit Van Zwol,7/8/2024,Gerrit Van Zwol,Up to Date,5/4/2025 7:08pm
336,2/3/2025 11:08am,Gerrit Van Zwol,7/8/2024,Gerrit Van Zwol,Up to Date,5/4/2025 7:08pm
337,2/3/2025 11:08am,Gerrit Van Zwol,7/8/2024,Gerrit Van Zwol,Up to Date,5/4/2025 7:08pm
338,1/7/2025 5:13pm,Gerrit Van Zwol,7/8/2024,Gerrit Van Zwol,Needs Update,4/8/2025 1:13am
339,1/7/2025 5:13pm,Gerrit Van Zwol,7/8/2024,Gerrit Van Zwol,Needs Update,4/8/2025 1:13am
340,1/7/2025 5:13pm,Gerrit Van Zwol,7/8/2024,Gerrit Van Zwol,Needs Update,4/8/2025 1:13am
341,1/7/2025 5:13pm,Gerrit Van Zwol,6/4/2024,Gerrit Van Zwol,Needs Update,4/8/2025 1:13am
342,1/7/2025 5:13pm,Gerrit Van Zwol,6/4/2024,Gerrit Van Zwol,Needs Update,4/8/2025 1:13am
343,2/4/2025 11:09am,Gerrit Van Zwol,6/4/2024,Gerrit Van Zwol,Up to Date,5/5/2025 7:09pm
344,1/7/2025 5:13pm,Gerrit Van Zwol,6/4/2024,Gerrit Van Zwol,Needs Update,4/8/2025 1:13am
345,2/4/2025 11:39am,Gerrit Van Zwol,6/4/2024,Gerrit Van Zwol,Up to Date,5/5/2025 7:39pm
346,1/7/2025 5:13pm,Gerrit Van Zwol,6/4/2024,Gerrit Van Zwol,Needs Update,4/8/2025 1:13am
347,2/4/2025 11:21am,Gerrit Van Zwol,4/15/2024,Gerrit Van Zwol,Up to Date,5/5/2025 7:21pm
348,2/4/2025 11:21am,Gerrit Van Zwol,4/15/2024,Gerrit Van Zwol,Up to Date,5/5/2025 7:21pm
349,1/7/2025 5:13pm,Gerrit Van Zwol,4/15/2024,Gerrit Van Zwol,Needs Update,4/8/2025 1:13am
350,2/3/2025 11:08am,Gerrit Van Zwol,4/18/2024,Gerrit Van Zwol,Up to Date,5/4/2025 7:08pm
351,2/3/2025 11:08am,Gerrit Van Zwol,4/18/2024,Anonymous,Up to Date,5/4/2025 7:08pm
352,2/3/2025 11:08am,Gerrit Van Zwol,4/18/2024,Anonymous,Up to Date,5/4/2025 7:08pm
353,1/7/2025 5:13pm,Gerrit Van Zwol,6/3/2024,Gerrit Van Zwol,Needs Update,4/8/2025 1:13am
354,2/4/2025 11:23am,Gerrit Van Zwol,4/15/2024,Gerrit Van Zwol,Up to Date,5/5/2025 7:23pm
355,1/7/2025 5:13pm,Gerrit Van Zwol,4/15/2024,Gerrit Van Zwol,Needs Update,4/8/2025 1:13am
356,2/4/2025 11:43am,Gerrit Van Zwol,5/7/2024,Gerrit Van Zwol,Up to Date,5/5/2025 7:43pm
357,1/7/2025 5:13pm,Gerrit Van Zwol,4/15/2024,Gerrit Van Zwol,Needs Update,4/8/2025 1:13am
358,1/7/2025 5:13pm,Gerrit Van Zwol,6/21/2024,Gerrit Van Zwol,Needs Update,4/8/2025 1:13am
359,1/7/2025 5:13pm,Gerrit Van Zwol,6/21/2024,Gerrit Van Zwol,Needs Update,4/8/2025 1:13am
360,1/7/2025 5:13pm,Gerrit Van Zwol,6/21/2024,Gerrit Van Zwol,Needs Update,4/8/2025 1:13am
361,1/7/2025 5:13pm,Gerrit Van Zwol,4/15/2024,Gerrit Van Zwol,Needs Update,4/8/2025 1:13am
362,2/4/2025 11:38am,Gerrit Van Zwol,7/9/2024,Gerrit Van Zwol,Up to Date,5/5/2025 7:38pm
363,1/7/2025 5:13pm,Gerrit Van Zwol,4/23/2024,Gerrit Van Zwol,Needs Update,4/8/2025 1:13am
364,1/7/2025 5:13pm,Gerrit Van Zwol,7/8/2024,Gerrit Van Zwol,Needs Update,4/8/2025 1:13am
365,1/7/2025 5:13pm,Gerrit Van Zwol,7/9/2024,Gerrit Van Zwol,Needs Update,4/8/2025 1:13am
366,1/7/2025 5:13pm,Gerrit Van Zwol,7/9/2024,Gerrit Van Zwol,Needs Update,4/8/2025 1:13am
367,1/7/2025 5:13pm,Gerrit Van Zwol,7/9/2024,Gerrit Van Zwol,Needs Update,4/8/2025 1:13am
368,1/7/2025 5:13pm,Gerrit Van Zwol,7/9/2024,Gerrit Van Zwol,Needs Update,4/8/2025 1:13am
369,1/7/2025 5:13pm,Gerrit Van Zwol,7/8/2024,Gerrit Van Zwol,Needs Update,4/8/2025 1:13am
370,1/7/2025 5:13pm,Gerrit Van Zwol,7/8/2024,Gerrit Van Zwol,Needs Update,4/8/2025 1:13am
371,1/7/2025 5:13pm,Gerrit Van Zwol,4/15/2024,Gerrit Van Zwol,Needs Update,4/8/2025 1:13am
372,1/7/2025 5:41pm,Gerrit Van Zwol,12/13/2024 9:23am,Gerrit Van Zwol,,
373,1/7/2025 5:37pm,Gerrit Van Zwol,12/13/2024 9:23am,Gerrit Van Zwol,,
374,1/7/2025 6:01pm,Gerrit Van Zwol,12/13/2024 9:23am,Gerrit Van Zwol,,
375,1/7/2025 5:44pm,Gerrit Van Zwol,12/13/2024 9:23am,Gerrit Van Zwol,,
376,1/7/2025 5:48pm,Gerrit Van Zwol,12/13/2024 9:23am,Gerrit Van Zwol,,
377,1/7/2025 6:04pm,Gerrit Van Zwol,12/13/2024 9:23am,Gerrit Van Zwol,,
378,12/13/2024 9:31am,Gerrit Van Zwol,12/13/2024 9:23am,Gerrit Van Zwol,,
379,12/13/2024 9:31am,Gerrit Van Zwol,12/13/2024 9:23am,Gerrit Van Zwol,,
380,12/13/2024 9:31am,Gerrit Van Zwol,12/13/2024 9:23am,Gerrit Van Zwol,,
381,12/13/2024 9:31am,Gerrit Van Zwol,12/13/2024 9:23am,Gerrit Van Zwol,,
382,12/13/2024 9:31am,Gerrit Van Zwol,12/13/2024 9:23am,Gerrit Van Zwol,,
383,1/7/2025 5:44pm,Gerrit Van Zwol,12/13/2024 9:23am,Gerrit Van Zwol,,
384,1/7/2025 5:41pm,Gerrit Van Zwol,12/13/2024 9:23am,Gerrit Van Zwol,,
385,1/7/2025 5:56pm,Gerrit Van Zwol,12/13/2024 9:23am,Gerrit Van Zwol,,
386,12/13/2024 9:31am,Gerrit Van Zwol,12/13/2024 9:23am,Gerrit Van Zwol,,
387,12/13/2024 9:30am,Gerrit Van Zwol,12/13/2024 9:23am,Gerrit Van Zwol,,
388,12/13/2024 9:31am,Gerrit Van Zwol,12/13/2024 9:23am,Gerrit Van Zwol,,
389,12/13/2024 9:31am,Gerrit Van Zwol,12/13/2024 9:23am,Gerrit Van Zwol,,
390,1/7/2025 5:55pm,Gerrit Van Zwol,12/13/2024 9:23am,Gerrit Van Zwol,,
391,12/13/2024 9:31am,Gerrit Van Zwol,12/13/2024 9:23am,Gerrit Van Zwol,,
392,12/13/2024 9:31am,Gerrit Van Zwol,12/13/2024 9:23am,Gerrit Van Zwol,,
393,1/7/2025 5:44pm,Gerrit Van Zwol,12/13/2024 9:23am,Gerrit Van Zwol,,
394,2/4/2025 11:03am,Gerrit Van Zwol,12/13/2024 9:23am,Gerrit Van Zwol,,
395,2/4/2025 11:03am,Gerrit Van Zwol,12/13/2024 9:23am,Gerrit Van Zwol,,
396,1/7/2025 5:37pm,Gerrit Van Zwol,12/13/2024 9:23am,Gerrit Van Zwol,,
397,1/7/2025 6:00pm,Gerrit Van Zwol,12/13/2024 9:23am,Gerrit Van Zwol,,
398,12/13/2024 9:30am,Gerrit Van Zwol,12/13/2024 9:23am,Gerrit Van Zwol,,
399,12/13/2024 9:30am,Gerrit Van Zwol,12/13/2024 9:23am,Gerrit Van Zwol,,
400,2/4/2025 11:21am,Gerrit Van Zwol,12/13/2024 9:23am,Gerrit Van Zwol,,
401,12/13/2024 9:31am,Gerrit Van Zwol,12/13/2024 9:23am,Gerrit Van Zwol,,
402,2/4/2025 11:19am,Gerrit Van Zwol,12/13/2024 9:23am,Gerrit Van Zwol,,
403,2/4/2025 11:26am,Gerrit Van Zwol,12/13/2024 9:23am,Gerrit Van Zwol,,
404,1/7/2025 5:56pm,Gerrit Van Zwol,12/13/2024 9:23am,Gerrit Van Zwol,,
405,1/7/2025 6:04pm,Gerrit Van Zwol,12/13/2024 9:23am,Gerrit Van Zwol,,
406,12/13/2024 9:31am,Gerrit Van Zwol,12/13/2024 9:23am,Gerrit Van Zwol,,
407,12/13/2024 9:31am,Gerrit Van Zwol,12/13/2024 9:23am,Gerrit Van Zwol,,
408,12/13/2024 9:31am,Gerrit Van Zwol,12/13/2024 9:23am,Gerrit Van Zwol,,
409,1/7/2025 5:42pm,Gerrit Van Zwol,12/13/2024 9:23am,Gerrit Van Zwol,,
410,12/13/2024 9:31am,Gerrit Van Zwol,12/13/2024 9:23am,Gerrit Van Zwol,,
411,12/13/2024 9:31am,Gerrit Van Zwol,12/13/2024 9:23am,Gerrit Van Zwol,,
412,12/13/2024 9:31am,Gerrit Van Zwol,12/13/2024 9:23am,Gerrit Van Zwol,,
413,2/4/2025 12:27pm,Automations,2/4/2025 12:24pm,Gerrit Van Zwol,,
414,12/13/2024 9:31am,Gerrit Van Zwol,12/13/2024 9:23am,Gerrit Van Zwol,,
415,12/13/2024 9:31am,Gerrit Van Zwol,12/13/2024 9:23am,Gerrit Van Zwol,,
416,12/13/2024 9:31am,Gerrit Van Zwol,12/13/2024 9:23am,Gerrit Van Zwol,,
417,1/7/2025 5:48pm,Gerrit Van Zwol,12/13/2024 9:23am,Gerrit Van Zwol,,
418,2/4/2025 11:03am,Gerrit Van Zwol,12/13/2024 9:23am,Gerrit Van Zwol,,
419,12/13/2024 9:31am,Gerrit Van Zwol,12/13/2024 9:23am,Gerrit Van Zwol,,
420,12/13/2024 9:31am,Gerrit Van Zwol,12/13/2024 9:23am,Gerrit Van Zwol,,
421,12/13/2024 9:31am,Gerrit Van Zwol,12/13/2024 9:23am,Gerrit Van Zwol,,
422,1/7/2025 5:59pm,Gerrit Van Zwol,12/13/2024 9:23am,Gerrit Van Zwol,,
423,1/7/2025 6:05pm,Gerrit Van Zwol,12/13/2024 9:23am,Gerrit Van Zwol,,
424,1/7/2025 5:48pm,Gerrit Van Zwol,12/13/2024 9:23am,Gerrit Van Zwol,,
425,1/7/2025 6:01pm,Gerrit Van Zwol,12/13/2024 9:23am,Gerrit Van Zwol,,
426,2/4/2025 11:17am,Gerrit Van Zwol,12/13/2024 9:23am,Gerrit Van Zwol,,
427,12/13/2024 9:31am,Gerrit Van Zwol,12/13/2024 9:23am,Gerrit Van Zwol,,
428,12/13/2024 9:31am,Gerrit Van Zwol,12/13/2024 9:23am,Gerrit Van Zwol,,
429,1/7/2025 5:48pm,Gerrit Van Zwol,12/13/2024 9:23am,Gerrit Van Zwol,,
430,12/13/2024 9:31am,Gerrit Van Zwol,12/13/2024 9:23am,Gerrit Van Zwol,,
431,12/13/2024 9:31am,Gerrit Van Zwol,12/13/2024 9:23am,Gerrit Van Zwol,,
432,2/4/2025 11:21am,Gerrit Van Zwol,12/13/2024 9:23am,Gerrit Van Zwol,,
433,1/7/2025 5:37pm,Gerrit Van Zwol,12/13/2024 9:23am,Gerrit Van Zwol,,
434,1/7/2025 5:40pm,Gerrit Van Zwol,12/13/2024 9:23am,Gerrit Van Zwol,,
435,1/7/2025 5:53pm,Gerrit Van Zwol,12/13/2024 9:23am,Gerrit Van Zwol,,
436,12/13/2024 9:31am,Gerrit Van Zwol,12/13/2024 9:23am,Gerrit Van Zwol,,
437,12/13/2024 9:31am,Gerrit Van Zwol,12/13/2024 9:23am,Gerrit Van Zwol,,
438,12/13/2024 9:31am,Gerrit Van Zwol,12/13/2024 9:23am,Gerrit Van Zwol,,
439,1/7/2025 5:53pm,Gerrit Van Zwol,12/13/2024 9:23am,Gerrit Van Zwol,,
440,2/4/2025 11:04am,Gerrit Van Zwol,12/13/2024 9:23am,Gerrit Van Zwol,,
441,12/13/2024 9:31am,Gerrit Van Zwol,12/13/2024 9:23am,Gerrit Van Zwol,,
442,1/7/2025 6:01pm,Gerrit Van Zwol,12/13/2024 9:23am,Gerrit Van Zwol,,
443,1/7/2025 5:56pm,Gerrit Van Zwol,12/13/2024 9:23am,Gerrit Van Zwol,,
444,12/13/2024 9:31am,Gerrit Van Zwol,12/13/2024 9:23am,Gerrit Van Zwol,,
445,12/13/2024 9:31am,Gerrit Van Zwol,12/13/2024 9:23am,Gerrit Van Zwol,,
446,1/7/2025 5:48pm,Gerrit Van Zwol,12/13/2024 9:23am,Gerrit Van Zwol,,
447,1/7/2025 5:53pm,Gerrit Van Zwol,12/13/2024 9:23am,Gerrit Van Zwol,,
448,2/4/2025 11:17am,Gerrit Van Zwol,12/13/2024 9:23am,Gerrit Van Zwol,,
449,1/7/2025 5:56pm,Gerrit Van Zwol,12/13/2024 9:23am,Gerrit Van Zwol,,
450,1/7/2025 5:56pm,Gerrit Van Zwol,12/13/2024 9:23am,Gerrit Van Zwol,,
451,12/13/2024 9:31am,Gerrit Van Zwol,12/13/2024 9:23am,Gerrit Van Zwol,,
452,12/13/2024 9:31am,Gerrit Van Zwol,12/13/2024 9:23am,Gerrit Van Zwol,,
453,12/13/2024 9:31am,Gerrit Van Zwol,12/13/2024 9:23am,Gerrit Van Zwol,,
454,12/13/2024 9:31am,Gerrit Van Zwol,12/13/2024 9:23am,Gerrit Van Zwol,,
455,2/4/2025 11:21am,Gerrit Van Zwol,12/13/2024 9:23am,Gerrit Van Zwol,,
456,2/4/2025 11:26am,Gerrit Van Zwol,12/13/2024 9:23am,Gerrit Van Zwol,,
457,2/4/2025 11:08am,Gerrit Van Zwol,12/13/2024 9:23am,Gerrit Van Zwol,,
458,2/4/2025 11:16am,Gerrit Van Zwol,12/13/2024 9:23am,Gerrit Van Zwol,,
459,12/13/2024 9:31am,Gerrit Van Zwol,12/13/2024 9:23am,Gerrit Van Zwol,,
460,12/13/2024 9:31am,Gerrit Van Zwol,12/13/2024 9:23am,Gerrit Van Zwol,,
461,12/13/2024 9:31am,Gerrit Van Zwol,12/13/2024 9:23am,Gerrit Van Zwol,,
462,12/13/2024 9:31am,Gerrit Van Zwol,12/13/2024 9:23am,Gerrit Van Zwol,,
463,12/13/2024 9:30am,Gerrit Van Zwol,12/13/2024 9:23am,Gerrit Van Zwol,,
464,12/13/2024 9:31am,Gerrit Van Zwol,12/13/2024 9:23am,Gerrit Van Zwol,,
465,1/7/2025 5:44pm,Gerrit Van Zwol,12/13/2024 9:23am,Gerrit Van Zwol,,
466,2/4/2025 11:26am,Gerrit Van Zwol,12/13/2024 9:23am,Gerrit Van Zwol,,
467,2/4/2025 11:09am,Gerrit Van Zwol,12/13/2024 9:23am,Gerrit Van Zwol,,
468,1/7/2025 5:38pm,Gerrit Van Zwol,12/13/2024 9:23am,Gerrit Van Zwol,,
469,12/13/2024 9:31am,Gerrit Van Zwol,12/13/2024 9:23am,Gerrit Van Zwol,,
470,12/13/2024 9:31am,Gerrit Van Zwol,12/13/2024 9:23am,Gerrit Van Zwol,,
471,12/13/2024 9:30am,Gerrit Van Zwol,12/13/2024 9:23am,Gerrit Van Zwol,,
472,1/7/2025 5:48pm,Gerrit Van Zwol,12/13/2024 9:23am,Gerrit Van Zwol,,
473,2/4/2025 11:08am,Gerrit Van Zwol,12/13/2024 9:23am,Gerrit Van Zwol,,
474,2/4/2025 11:09am,Gerrit Van Zwol,12/13/2024 9:23am,Gerrit Van Zwol,,
475,12/13/2024 9:31am,Gerrit Van Zwol,12/13/2024 9:23am,Gerrit Van Zwol,,
476,2/4/2025 11:21am,Gerrit Van Zwol,12/13/2024 9:23am,Gerrit Van Zwol,,
477,12/13/2024 9:31am,Gerrit Van Zwol,12/13/2024 9:23am,Gerrit Van Zwol,,
478,2/4/2025 12:32pm,Gerrit Van Zwol,12/13/2024 9:23am,Gerrit Van Zwol,,
479,12/13/2024 9:31am,Gerrit Van Zwol,12/13/2024 9:23am,Gerrit Van Zwol,,
480,12/13/2024 9:31am,Gerrit Van Zwol,12/13/2024 9:23am,Gerrit Van Zwol,,
481,12/13/2024 9:31am,Gerrit Van Zwol,12/13/2024 9:23am,Gerrit Van Zwol,,
482,12/13/2024 9:31am,Gerrit Van Zwol,12/13/2024 9:23am,Gerrit Van Zwol,,
483,12/13/2024 9:31am,Gerrit Van Zwol,12/13/2024 9:23am,Gerrit Van Zwol,,
484,12/13/2024 9:31am,Gerrit Van Zwol,12/13/2024 9:23am,Gerrit Van Zwol,,
485,1/7/2025 5:53pm,Gerrit Van Zwol,12/13/2024 9:23am,Gerrit Van Zwol,,
